{"file_hashes":[{"block_hashes":["47DEQpj8HBSa+/TImW+5JCeuQeRkm5NMpJWZG3hSuFU="],"block_size":4096,"path":"bg.js"},{"block_hashes":["pCHiR990wEkVEH/fScZsuB01yOKt62p+lC8yp5bG67g=","W5lKu4hnZ3Cg2b47TLg18L7qEp5c7fFEPLwb1OsQ/6s=","+7PnvfxV5DxlQgsGBhatyGllenN15iav3bDtjK83HQk=","5Wbd5KnmqdnrSTVZ4SztFxTSBSVDDEj+sCVLOJ8POWs=","oUGl7qZ+WmRC4sD+wlUXQeWNEYpiihNQfmuHZLLYSWE=","ynmpz0mlL0ELHGFTOiU1nXLUTvbbzgIUwe4Z5mu06bo="],"block_size":4096,"path":"cs.js"},{"block_hashes":["1T4jAlVKo3JZKnEHYIPo0EAsjQt/eIauDNFpHmHgVnE=","xpI9tKyXzGWnnaaj3+y3WMpV5SnoipHY1/iOXzoL5MA="],"block_size":4096,"path":"flv-helper.js"},{"block_hashes":["IjpRUUTlgJaFBm9BlJZ+9zkHZMEazo7sw3Oiw3up/Oc=","39zAEHt6mAcft5gT1kIVIAYzjKG1XpTymjTYcRaNmoo=","vBuhKf889tyRvRaLNpjlGMpyKFokSrdZVVVMKLrRGZM="],"block_size":4096,"path":"happy.png"},{"block_hashes":["xdurDcjEVcfTkkWWE3rXbdVTFafNv+j37kQBZX1/KR4="],"block_size":4096,"path":"lib.js"},{"block_hashes":["8jmlbL9JrIY0+dqLq6MyQH6n4nU9g+WS62eWgaEdOPM="],"block_size":4096,"path":"popup.html"},{"block_hashes":["Hder465jutosl7p/YXHxuHzU8LO+T/QvAOM96vfFez4=","Gqi/jkhSJ+7XokVfqYdLYCuNb/JxYE4y8hVcW53k2tE=","5mTA6ITMNUYzvhsc9dQcZZAoo+1D4qTCR471Qmne/wM=","cDs3+8gYafrn1Q5g7y37+/He1Em1Y+J12awzkITb9LM=","x4AS53R9yaX40YpR91ZWcQkG4nSMxIjnEzb8b8nEnqM=","a59cC7Yw47YraGIeFe+4EqdQ+iKJfxJF9Ss5iTBRyd4=","eDiosQvtlvD0eXZi7QP64OAFULvgNVXgSTA14+3QY3E=","lJd7gN6/mT+onbgc6A+a3Ph6od7vlXsHXQHttvUvIYM=","8fe1RY2BQXC4aizI8818h7O0WWeiCyYtRA0cCMN+kRo=","2zVKvD2U5jbX9x5RHO8Pn5kPMKA6dImPYPR93PlvI8E=","rm3nnq4rmE9LN1JJe7uXqplxNJs0zByRfWc/vSsRLlA=","j7f2ksf54fo6Ff8UK9P1h557qvx40/gea6mPrKMHA7E=","Nsr0RDcWSNMJot3NHZLESOBw3PkHUrTBlBr0qnApBhU=","bPYNVuLM3F4MBIVKvf5hcSJO4OtKIb4WbOAe2gNVCZM=","X7CjVyfhdvCURx8PcIYn7wu9dk2fLInY5JTxVaeax2M=","bcpxLfN+pqyClh7FzOxrXAJfhTn4vvK53wrGzrdyxPo=","I9NQvz0oHBpDQGq0G+xGvwgxOAWIySFxK5D1Y3lkRCA=","WjRJHCmGS5GS1EVKnsgd+aTe7wbc+bF1jcaiCuzCBMI=","aQxVXzD4dR06t6mNus2ojcX3o6gqIQ3E6JeKMNWmPsI=","smGefo8EygB69fAwR1vc3siuVmMYmqMMowsIPM9HhWI=","iBv0Cg3v16fmCCpDT0nh7cdAwbJHv44q1q0txhE+XPM=","/ESf0v22VfSSy5bYnLR7dyXXxz59U0Ub42g9NWNeW5M=","OzMRQ0NSzz63VWJ81jOS5Fx+Lp3ZDKqSwiJWpPKICoQ=","7LnIGZYmMSh6PVFwkO9wZeLQGZJ/YGI7hZ0w7b0AzZo=","OIj1ZnvuQp0sLSRjiOj9gQNf2aj+wiZ07OV5VPB+i6s=","g9MvoUIv0MFPrqlUgWDUFTUnJNQHtg3LdWSt32rwF5A="],"block_size":4096,"path":"zanshang.png"}],"version":2}